{
  "input_features": [
    "hive temp",
    "hive humidity",
    "hive pressure"
  ],
  "input_dim": 3,
  "encoding_dim": 2,
  "threshold_percentile": 95,
  "threshold_value": 0.38482910002137316,
  "training_samples": 1083,
  "val_samples": 192,
  "final_train_loss": 0.14557647705078125,
  "final_val_loss": 0.11495814472436905,
  "epochs_trained": 138,
  "tensorflow_version": "2.21.0",
  "scaler_mean": [
    28.930701754385975,
    44.68898430286242,
    1009.2071375807948
  ],
  "scaler_std": [
    8.08421337414668,
    18.272936915826158,
    2.3866467407813103
  ]
}